"country","iso2","iso3","iso_numeric","g_whoregion","year","free_dx","lab_sm_f","lab_sm_eqa_f","lab_sm_eqa_pass","lab_sm_led","lab_cul_f","lab_cul_eqa_f","lab_cul_eqa_pass","lab_dst_f","lab_dst_eqa_f","lab_dst_eqa_pass","lab_lpa_f","lab_lpa_eqa_f","lab_lpa_eqa_pass","lab_xpert","lab_xpert_eqa","sldst_avail_incntry","sldst_avail_outcntry","non_ntp_collab_priv","non_ntp_collab_pub","nrl","dst_in_guide","dst_impl","lc_rst_in_guide","lc_rst_impl","lpa_in_guide","lpa_impl","dx_alg_tbhiv_in_guide","dx_alg_tbhiv_impl","xpert_in_guide","xpert_impl","free_fld_ntp","r_rgmn_new_initcont","eol_care","caseb_err_nat","tbhiv_surveil","tbhiv_surv_prev","tbhiv_surv_yr","tbhiv_surv_cil","tbhiv_surv_ciu","tbhiv_sentin_prev","tbhiv_sentin_yr","tbhiv_sentin_cil","tbhiv_sentin_ciu","hcw_tb_infected","hcw_tot","pub_new_dx","priv_new_dx"
"Afghanistan","AF","AFG","004","EMR",2011,10,600,570,502,10,3,,,,,,,,,,,0,1,36,30,1,0,0,0,0,0,0,1,1,0,0,1,0,0,0,0,,,,,,,,,,,825,819
"Albania","AL","ALB","008","EUR",2011,11,17,17,17,0,1,0,0,1,1,1,1,0,,0,0,0,0,0,0,1,1,1,1,1,0,0,0,0,0,0,1,1,,42,0,,,,,,,,,,,,
"Algeria","DZ","DZA","012","AFR",2011,10,240,0,0,0,29,24,20,3,2,1,1,,,1,,1,0,10,0,1,1,0,1,1,1,0,1,1,1,0,1,1,1,42,,,,,,,,,,78,,,
"American Samoa","AS","ASM","016","WPR",2011,10,,,,,,,,,,,,,,,,0,0,,,0,,,,,,,,,,,1,1,,42,0,,,,,,,,,,,,
"Andorra","AD","AND","020","EUR",2011,10,8,,,,8,,,8,,,,,,,,1,1,0,7,1,1,1,1,1,0,0,0,0,1,1,1,1,,42,0,,,,,,,,,,,,
"Angola","AO","AGO","024","AFR",2011,12,143,126,126,0,3,3,3,3,3,3,0,0,,0,0,0,1,28,25,1,1,1,1,1,0,0,1,1,0,0,1,0,1,0,1,,,,,14,2011,,,9,630,9610,4379
"Anguilla","AI","AIA","660","AMR",2011,0,,,,,,,,,,,,,,,,0,0,,,0,,,,,,,,,,,0,0,,0,0,,,,,,,,,,,,
"Antigua and Barbuda","AG","ATG","028","AMR",2011,10,,,,,,,,,,,,,,,,,1,,,1,,,,,,,,,,,1,1,,0,0,,,,,,,,,,,,
"Argentina","AR","ARG","032","AMR",2011,10,708,188,181,0,103,40,34,17,8,8,0,0,,0,0,1,0,0,0,1,1,1,1,1,0,0,1,1,0,0,1,1,0,42,0,,,,,,,,,,,,
"Armenia","AM","ARM","051","EUR",2011,10,30,29,29,0,1,1,1,1,1,1,1,1,,0,0,1,0,0,0,1,1,1,1,1,1,1,0,0,0,0,1,1,0,42,0,,,,,,,,,,,33,0
"Aruba","AW","ABW","533","AMR",2011,10,,,,,,,,,,,,,,,,0,0,,,1,,,,,,,,,,,1,1,,0,0,,,,,,,,,,,,
"Australia","AU","AUS","036","WPR",2011,10,,,,,,,,,,,,,,,,1,0,,,1,,,,,,,,,,,1,1,,42,0,,,,,,,,,,,,
"Austria","AT","AUT","040","EUR",2011,,,,,,,,,,,,,,,,,,,,,,,,,,,,,,,,,,,,,,,,,,,,,,,,
"Azerbaijan","AZ","AZE","031","EUR",2011,10,72,1,1,1,6,0,0,2,2,2,2,2,,2,0,1,,,,1,1,,1,,1,,1,,0,,1,1,0,43,0,,,,,,,,,,,0,0
"Bahamas","BS","BHS","044","AMR",2011,14,,,,,,,,,,,,,,,,0,1,,,1,,,,,,,,,,,1,1,,42,0,,,,,,,,,,,,
"Bahrain","BH","BHR","048","EMR",2011,10,18,1,1,,2,1,1,1,1,1,1,0,,1,0,0,1,16,2,1,1,1,1,1,1,1,1,1,1,1,1,1,1,42,0,,,,,,,,,,,0,0
"Bangladesh","BD","BGD","050","SEA",2011,10,1057,1057,994,14,3,3,3,2,2,2,0,0,,0,0,0,1,105,31,1,1,1,0,0,0,0,1,1,0,0,1,1,0,0,0,,,,,,,,,,,2235,17433
"Barbados","BB","BRB","052","AMR",2011,10,,,,,,,,,,,,,,,,0,1,,,1,,,,,,,,,,,1,1,,42,0,,,,,,,,,,,,
"Belarus","BY","BLR","112","EUR",2011,10,196,196,177,3,41,41,41,20,20,20,1,0,,0,0,1,0,0,0,1,1,1,0,0,1,1,1,1,0,0,1,1,1,42,0,,,,,,,,,85,174533,,
"Belgium","BE","BEL","056","EUR",2011,10,115,3,3,,114,3,3,15,15,15,8,,,6,,1,,114,1,1,1,1,1,1,1,1,0,0,0,0,1,1,,42,0,,,,,,,,,,,,
"Belize","BZ","BLZ","084","AMR",2011,10,2,0,,1,0,0,,0,0,,0,0,,0,0,0,1,,7,1,1,1,0,0,0,0,1,1,0,0,1,1,0,42,0,,,,,,,,,0,,0,0
"Benin","BJ","BEN","204","AFR",2011,11,59,59,49,7,1,0,0,1,1,1,1,0,,0,0,1,0,0,0,1,1,1,1,1,1,1,1,1,0,0,1,1,0,0,0,,,,,,,,,,,,
"Bermuda","BM","BMU","060","AMR",2011,10,,,,,,,,,,,,,,,,0,1,,,1,,,,,,,,,,,1,1,,42,0,,,,,,,,,,,,
"Bhutan","BT","BTN","064","SEA",2011,11,34,34,32,,1,1,1,1,1,1,,,,,,0,1,,,1,1,1,0,0,0,0,1,1,0,0,1,1,0,42,0,,,,,,,,,4,,,
"Bolivia (Plurinational State of)","BO","BOL","068","AMR",2011,10,531,487,487,,49,49,49,1,1,1,1,1,,,,0,1,,,0,1,1,1,1,0,1,0,0,0,0,1,1,0,43,0,,,,,,,,,,,,
"Bonaire, Saint Eustatius and Saba","BQ","BES","535","AMR",2011,10,,,,,,,,,,,,,,,,0,1,,,1,,,,,,,,,,,0,1,,42,0,,,,,,,,,,,,
"Bosnia and Herzegovina","BA","BIH","070","EUR",2011,10,15,15,15,2,13,13,13,4,4,4,3,1,,0,0,0,1,0,0,1,1,1,1,1,1,1,0,0,0,0,1,1,0,42,0,,,,,,,,,0,0,0,0
"Botswana","BW","BWA","072","AFR",2011,10,52,52,47,1,1,1,1,1,1,1,0,0,,0,0,0,1,9,43,1,1,1,1,1,0,0,1,0,0,0,1,1,0,42,0,,,,,,,,,,,0,0
"Brazil","BR","BRA","076","AMR",2011,10,4028,1312,1051,2,306,85,49,45,30,23,0,0,,0,0,1,,539,3489,1,1,1,0,0,0,0,1,1,0,0,1,1,1,42,0,,,,,,,,,839,,0,0
"British Virgin Islands","VG","VGB","092","AMR",2011,10,,,,,,,,,,,,,,,,0,1,,,1,,,,,,,,,,,0,1,,42,0,,,,,,,,,,,,
"Brunei Darussalam","BN","BRN","096","WPR",2011,10,1,1,1,0,1,1,1,1,1,1,1,1,,0,0,0,,0,0,1,1,1,1,1,1,1,1,1,0,0,1,1,0,42,0,,,,,,,,,2,3599,0,0
"Bulgaria","BG","BGR","100","EUR",2011,10,34,34,34,,33,29,29,13,4,4,3,1,,0,0,1,0,0,0,1,1,1,1,1,0,1,1,1,0,0,1,1,1,42,0,,,,,,,,,,,,
"Burkina Faso","BF","BFA","854","AFR",2011,10,111,111,91,0,1,0,0,1,0,0,0,0,,0,0,0,1,0,0,1,1,0,1,0,1,0,1,1,1,0,1,1,0,43,0,,,,,,,,,,,47,24
"Burundi","BI","BDI","108","AFR",2011,10,169,169,169,15,1,1,0,0,0,0,0,0,,0,0,0,1,0,0,1,0,0,0,0,0,0,1,1,0,0,1,1,0,42,0,,,,,,,,,0,0,0,0
"Cambodia","KH","KHM","116","WPR",2011,10,211,207,185,18,3,1,,1,1,1,0,0,,1,0,0,1,1,0,1,1,1,1,1,0,0,1,1,1,1,1,1,0,42,0,,,,,,,,,,,15,706
"Cameroon","CM","CMR","120","AFR",2011,0,217,217,217,9,4,4,4,2,2,2,1,1,,1,0,1,1,,,1,0,0,1,1,0,0,1,0,0,1,1,1,1,0,0,,,,,,,,,6,,,
"Canada","CA","CAN","124","AMR",2011,10,,,,,,,,,,,,,,,,1,1,,,1,,,,,,,,,,,1,0,,42,0,,,,,,,,,,,,
"Cape Verde","CV","CPV","132","AFR",2011,10,16,0,0,0,0,,,0,,,0,,,0,,0,1,1,15,1,0,0,0,0,0,0,1,1,0,0,0,1,0,0,0,,,,,,,,,0,,3,0
"Cayman Islands","KY","CYM","136","AMR",2011,10,,,,,,,,,,,,,,,,0,1,,,1,,,,,,,,,,,1,1,,0,0,,,,,,,,,,,,
"Central African Republic","CF","CAF","140","AFR",2011,10,72,1,1,0,1,1,1,1,1,1,1,0,,0,0,0,,3,69,1,1,0,0,0,1,0,1,1,0,0,0,1,0,0,0,,,,,,,,,,,,
"Chad","TD","TCD","148","AFR",2011,10,57,21,17,0,0,0,0,0,0,0,0,0,,0,0,0,0,5,0,1,0,0,0,0,0,0,0,0,0,0,1,1,0,0,0,,,,,,,,,,,0,949
"Chile","CL","CHL","152","AMR",2011,10,156,,,6,40,22,5,1,1,1,1,1,,0,0,1,0,,0,1,1,1,1,1,1,1,1,1,0,0,1,1,0,42,0,,,,,,,,,0,,70,161
"China","CN","CHN","156","WPR",2011,10,3328,3128,3073,55,594,510,480,195,125,120,20,5,,16,5,1,0,0,77,1,1,1,1,1,0,0,1,1,0,0,1,1,0,42,0,,,,,,,,,3185,,389112,0
"China, Hong Kong SAR","HK","HKG","344","WPR",2011,10,31,31,31,1,20,20,20,3,1,1,11,0,,9,0,1,0,5,20,1,1,1,1,1,1,1,1,1,0,1,1,1,1,42,1,,,,,0.9,2011,0.63,1.28,17,74125,3090,359
"China, Macao SAR","MO","MAC","446","WPR",2011,10,,,,,,,,,,,,,,,,,,,,0,,,,,,,,,,,1,1,0,42,0,,,,,,,,,5,5721,120,41
"Colombia","CO","COL","170","AMR",2011,10,3659,3659,3659,0,1256,1256,1256,5,5,5,3,0,,1,0,1,0,0,0,1,1,1,1,1,0,1,0,0,0,1,1,1,0,0,0,,,,,,,,,,,,
"Comoros","KM","COM","174","AFR",2011,10,,,,,,,,,,,,,,,,0,0,,,1,,,,,,,,,,,1,1,,0,0,,,,,,,,,,,,
"Congo","CG","COG","178","AFR",2011,11,31,0,0,0,0,0,0,0,0,0,0,0,,0,0,0,0,0,0,1,0,0,0,0,0,0,0,0,0,0,1,1,0,0,0,,,,,,,,,,,0,53
"Cook Islands","CK","COK","184","WPR",2011,11,,,,,,,,,,,,,,,,0,1,,,1,,,,,,,,,,,1,1,,42,0,,,,,,,,,,,,
"Costa Rica","CR","CRI","188","AMR",2011,10,108,100,88,0,20,20,20,1,1,1,0,0,,2,0,0,1,2,,1,1,1,1,1,0,0,0,0,0,1,1,1,1,42,0,,,,,,,,,2,2,0,0
"Côte d'Ivoire","CI","CIV","384","AFR",2011,10,120,0,,0,2,0,,2,0,,0,0,,0,0,0,0,5,6,1,1,1,1,1,0,0,1,1,0,0,1,1,0,0,0,,,,,,,,,,,1318,501
"Croatia","HR","HRV","191","EUR",2011,10,14,14,0,0,14,14,0,6,6,0,1,1,,1,1,1,,0,0,1,1,1,1,1,1,1,1,1,1,1,1,1,1,42,0,,,,,,,,,,,,
"Cuba","CU","CUB","192","AMR",2011,10,,,,,,,,,,,,,,,,1,0,,,1,,,,,,,,,,,1,1,,42,0,,,,,,,,,,,,
"Curaçao","CW","CUW","531","AMR",2011,10,,,,,,,,,,,,,,,,,1,,,1,,,,,,,,,,,0,1,,42,0,,,,,,,,,,,,
"Cyprus","CY","CYP","196","EUR",2011,,,,,,,,,,,,,,,,,,,,,,,,,,,,,,,,,,,,,,,,,,,,,,,,
"Czech Republic","CZ","CZE","203","EUR",2011,10,48,40,37,,48,40,37,17,17,16,17,17,,,,1,0,,,1,1,1,1,1,1,1,1,1,1,1,1,1,,42,0,,,,,,,,,,,,
"Democratic People's Republic of Korea","KP","PRK","408","SEA",2011,10,285,284,222,1,1,1,,1,1,,0,0,,0,0,,1,,,,,,,,,,,,,,1,0,0,0,0,,,,,,,,,,,,
"Democratic Republic of the Congo","CD","COD","180","AFR",2011,11,1508,1281,1117,0,1,1,1,1,1,1,0,0,,0,0,1,,,,1,1,1,0,0,0,0,1,1,0,1,1,1,0,43,0,,,,,,,,,,,,114290
"Denmark","DK","DNK","208","EUR",2011,,,,,,,,,,,,,,,,,,,,,,,,,,,,,,,,,,,,,,,,,,,,,,,,
"Djibouti","DJ","DJI","262","EMR",2011,10,16,15,13,0,0,,,0,,,0,,,0,,0,0,0,0,1,1,0,0,0,0,0,0,0,0,0,1,1,0,0,1,,,,,,2011,,,,,,
"Dominica","DM","DMA","212","AMR",2011,10,,,,,,,,,,,,,,,,0,1,,,1,,,,,,,,,,,1,1,,42,0,,,,,,,,,,,,
"Dominican Republic","DO","DOM","214","AMR",2011,10,228,228,213,2,11,11,11,1,1,1,0,0,,0,0,1,0,25,9,1,1,1,1,1,0,0,1,1,0,0,1,1,0,43,1,8.6,2005,7,11.9,,2005,,,0,0,0,0
"Ecuador","EC","ECU","218","AMR",2011,10,325,325,304,0,17,17,14,1,1,1,0,,,5,,1,0,1,1,1,1,1,1,1,1,1,1,1,1,1,1,1,0,43,1,10.77,2011,,,,,,,,,244,
"Egypt","EG","EGY","818","EMR",2011,10,247,157,154,0,18,18,18,1,1,1,0,0,,0,0,1,0,3,87,1,1,1,0,0,0,0,0,0,0,0,1,1,0,42,0,,,,,,,,,1,,1999,235
"El Salvador","SV","SLV","222","AMR",2011,10,204,204,204,0,22,22,22,1,1,1,0,0,,0,0,0,0,9,2,1,1,1,0,0,0,0,1,1,1,1,1,1,1,42,0,,,,,,,,,4,3273,551,30
"Equatorial Guinea","GQ","GNQ","226","AFR",2011,10,,0,0,,0,0,0,0,0,0,0,0,,0,0,0,0,2,,0,0,0,0,0,0,0,0,0,0,0,1,1,0,0,0,,,,,,,,,0,,,
"Eritrea","ER","ERI","232","AFR",2011,11,77,77,0,0,0,0,0,0,0,0,0,0,,0,0,0,0,7,70,1,1,0,1,0,0,0,1,0,0,0,1,1,,0,0,,,,,,,,,,,,
"Estonia","EE","EST","233","EUR",2011,10,5,5,5,2,2,2,2,2,2,2,2,0,,2,1,1,0,0,7,1,1,1,1,1,1,1,1,1,1,1,1,1,1,42,0,,,,,,,,,3,25245,0,0
"Ethiopia","ET","ETH","231","AFR",2011,10,1947,,,,2,1,1,1,1,1,2,2,,,,1,0,286,32,1,1,1,1,1,1,1,1,1,1,0,1,1,0,43,1,,,,,17.3,2011,16.5,18.1,,,,15052
"Fiji","FJ","FJI","242","WPR",2011,10,4,4,4,0,1,0,0,0,0,0,0,0,,0,0,0,1,2,0,1,1,0,1,0,0,,1,1,1,0,1,1,0,42,0,,,,,,,,,5,4898,187,18
"Finland","FI","FIN","246","EUR",2011,10,21,13,,,11,11,,1,1,1,5,,,3,,1,,,11,1,1,1,1,1,0,1,0,0,0,1,1,1,,0,0,,,,,,,,,,,,
"France","FR","FRA","250","EUR",2011,10,235,0,,,230,0,,70,35,35,21,,,20,,1,0,,,1,1,1,0,1,0,1,0,1,0,1,1,1,,42,1,,,,,7.3,2011,6.1,8.6,,,,
"French Polynesia","PF","PYF","258","WPR",2011,11,,,,,,,,,,,,,,,,0,1,,,1,,,,,,,,,,,1,1,,42,0,,,,,,,,,,,,
"Gabon","GA","GAB","266","AFR",2011,0,15,1,1,,1,0,0,1,0,0,0,0,,0,0,0,0,2,1,0,0,0,0,0,0,0,0,0,,0,0,1,0,0,0,,,,,,,,,,8563,,
"Gambia","GM","GMB","270","AFR",2011,10,32,32,32,10,1,,,1,,,,,,,,1,0,10,28,1,1,1,1,1,0,0,1,1,0,0,1,1,0,0,0,,,,,,,,,,,,
"Georgia","GE","GEO","268","EUR",2011,10,29,29,29,,2,2,2,1,1,1,1,0,,1,0,1,0,0,0,1,1,0,1,0,1,0,1,0,1,0,1,1,1,42,0,,,,,,,,,,,0,0
"Germany","DE","DEU","276","EUR",2011,10,254,,,,189,,,84,,,,,,,,1,,,,1,1,1,1,1,1,1,,,1,1,1,1,,42,,,,,,,,,,,,,
"Ghana","GH","GHA","288","AFR",2011,10,276,184,166,0,3,0,0,3,0,0,1,0,,0,0,0,0,55,54,1,1,1,1,1,1,1,1,1,1,0,1,1,0,43,0,,,,,,,,,11,,1058,723
"Greece","GR","GRC","300","EUR",2011,,,,,,,,,,,,,,,,,,,,,,,,,,,,,,,,,,,,,,,,,,,,,,,,
"Greenland","GL","GRL","304","EUR",2011,,,,,,,,,,,,,,,,,,,,,,,,,,,,,,,,,,,,,,,,,,,,,,,,
"Grenada","GD","GRD","308","AMR",2011,10,,,,,,,,,,,,,,,,0,1,,,0,,,,,,,,,,,1,1,,42,0,,,,,,,,,,,,
"Guam","GU","GUM","316","WPR",2011,11,,,,,,,,,,,,,,,,1,0,,,1,,,,,,,,,,,1,1,,42,0,,,,,,,,,,,,
"Guatemala","GT","GTM","320","AMR",2011,10,267,145,145,0,12,5,5,3,1,1,0,0,,0,0,0,1,0,0,1,1,1,1,1,0,0,0,0,0,0,1,1,1,42,0,,,,,,,,,5,3500,121,29
"Guinea","GN","GIN","324","AFR",2011,10,53,48,38,1,1,0,0,1,0,0,0,0,,1,0,0,0,4,,1,1,1,1,0,1,1,1,1,1,1,1,1,0,42,0,,,,,,,,,,,0,365
"Guinea-Bissau","GW","GNB","624","AFR",2011,0,20,17,11,0,1,,,,,,,,,,,0,0,0,0,1,0,0,0,0,0,0,1,1,0,0,1,1,0,0,0,,,,,,,,,,,,
"Guyana","GY","GUY","328","AMR",2011,10,20,20,20,20,1,1,1,1,1,1,1,1,,0,0,1,1,4,1,1,1,1,0,0,1,1,1,1,0,0,1,1,1,42,0,,,,,,,,,2,,21,
"Haiti","HT","HTI","332","AMR",2011,10,223,151,64,15,2,1,1,2,1,1,2,0,,1,0,0,1,23,0,1,1,1,1,1,0,0,0,0,1,0,1,1,0,42,0,,,,,,,,,,,,
"Honduras","HN","HND","340","AMR",2011,10,165,91,91,0,5,1,0,1,1,1,0,0,,0,0,,1,0,4,1,1,1,1,1,0,0,1,1,0,0,1,1,0,42,0,,,,,,,,,21,22000,,
"Hungary","HU","HUN","348","EUR",2011,10,13,10,9,0,13,5,5,7,3,3,2,2,,2,1,1,0,1,12,1,1,1,1,1,1,1,,,1,1,1,1,,42,0,,,,,,,,,,,,
"Iceland","IS","ISL","352","EUR",2011,11,1,1,1,1,1,1,1,1,1,1,1,1,,0,0,0,1,0,0,1,0,1,0,1,0,1,0,1,0,0,1,1,,42,0,,,,,,,,,,,,
"India","IN","IND","356","SEA",2011,12,13026,12542,8334,235,37,37,37,37,37,37,17,17,,18,18,1,0,867,12159,1,1,1,1,1,1,1,1,1,1,0,1,1,0,0,0,,,,,,,,,,,10021,3970
"Indonesia","ID","IDN","360","SEA",2011,14,5566,2951,2678,0,46,5,5,5,5,5,2,2,,5,5,1,0,24,27,1,1,1,1,1,1,1,1,1,1,1,1,1,0,43,0,,,,,,,,,,,66564,4890
"Iran (Islamic Republic of)","IR","IRN","364","EMR",2011,10,396,212,212,0,55,22,22,6,6,2,0,0,,0,0,1,0,,,1,1,1,0,1,0,0,1,1,0,0,1,1,0,42,0,,,,,,,,,0,0,7613,2982
"Iraq","IQ","IRQ","368","EMR",2011,11,270,250,211,0,4,4,3,1,1,1,0,0,,0,0,1,,0,92,1,1,,0,,0,,0,,0,,1,1,0,42,0,,,,,,,,,0,,2470,3154
"Ireland","IE","IRL","372","EUR",2011,10,13,13,13,1,13,13,13,3,2,2,3,3,,2,2,0,1,0,3,1,1,1,1,1,1,1,1,1,0,1,0,1,,42,0,,,,,,,,,,,,
"Israel","IL","ISR","376","EUR",2011,10,19,17,17,,19,17,17,2,2,2,1,1,,1,0,1,0,,,1,1,1,1,1,1,1,1,1,1,1,1,1,,42,0,,,,,,,,,,,,
"Italy","IT","ITA","380","EUR",2011,,,,,,,,,,,,,,,,,,,,,,,,,,,,,,,,,,,,,,,,,,,,,,,,
"Jamaica","JM","JAM","388","AMR",2011,10,3,1,0,0,1,1,0,0,0,0,0,0,,0,0,0,1,2,0,1,1,1,1,1,0,0,1,1,0,0,1,1,1,42,0,,,,,,,,,3,14500,,
"Japan","JP","JPN","392","WPR",2011,13,,,,,,,,,,,,,,,,1,0,,,1,,,,,,,,,,,0,1,,42,0,,,,,,,,,,,,
"Jordan","JO","JOR","400","EMR",2011,10,150,30,24,0,50,5,4,1,1,1,0,0,,0,0,0,0,100,35,1,1,1,0,1,0,0,1,1,0,0,1,1,1,42,0,,,,,,,,,0,58200,214,98
"Kazakhstan","KZ","KAZ","398","EUR",2011,10,466,466,466,0,100,100,100,22,22,22,10,0,,0,0,0,0,0,0,1,1,1,1,1,1,1,1,1,0,0,1,1,1,42,0,,,,,,,,,,,,
"Kenya","KE","KEN","404","AFR",2011,10,1581,1292,1234,150,6,1,1,1,1,1,1,1,,3,0,0,1,294,1287,1,1,1,1,1,1,1,1,1,1,1,1,1,0,43,0,,,,,,,,,134,116346,94681,9300
"Kiribati","KI","KIR","296","WPR",2011,10,2,1,1,0,0,0,0,0,0,0,0,0,,0,0,0,1,0,0,0,1,1,1,1,1,1,1,1,1,1,1,1,1,0,0,,,,,,,,,2,405,,
"Kuwait","KW","KWT","414","EMR",2011,10,12,0,0,0,1,0,0,1,0,0,0,0,,0,0,0,0,0,1,1,1,1,0,0,0,0,0,0,1,1,1,1,0,42,1,2.7,2009,2.57,2.84,0,2011,0,0,2,26000,0,0
"Kyrgyzstan","KG","KGZ","417","EUR",2011,10,122,4,,0,4,,,3,,,,,,,,1,,,,1,1,0,0,0,,,1,1,0,0,1,1,0,0,0,,,,,,,,,42,,,
"Lao People's Democratic Republic","LA","LAO","418","WPR",2011,10,157,157,142,0,3,3,3,0,0,0,0,0,,0,0,0,1,0,1,1,0,0,0,0,0,0,1,1,0,0,1,0,0,0,0,,,,,,,,,1,55,118,88
"Latvia","LV","LVA","428","EUR",2011,10,16,16,16,0,4,4,4,1,1,1,1,1,,1,1,1,0,3,13,1,1,1,1,1,1,1,1,1,1,1,1,1,1,42,0,,,,,,,,,12,,52,0
"Lebanon","LB","LBN","422","EMR",2011,12,165,3,3,,3,1,1,1,1,1,2,0,,3,1,0,1,155,7,1,1,0,1,0,1,0,0,0,1,0,1,1,0,42,1,,,,,50,2011,,,0,9300,45,394
"Lesotho","LS","LSO","426","AFR",2011,10,18,18,18,4,1,1,1,1,1,1,1,0,,3,0,0,0,0,18,1,1,1,1,1,1,1,1,1,1,1,1,1,0,42,0,,,,,,,,,,,,1210
"Liberia","LR","LBR","430","AFR",2011,10,153,153,122,0,0,0,0,0,0,0,0,0,,0,0,0,0,29,124,1,0,0,0,0,0,0,0,0,0,0,1,1,0,0,0,,,,,,,,,4,3592,7168,797
"Libya","LY","LBY","434","EMR",2011,10,,,,,,,,,,,,,,,,0,,0,0,1,,,,,,,,,,,1,1,,42,0,,,,,,,,,0,1500,,
"Lithuania","LT","LTU","440","EUR",2011,10,13,4,4,0,6,6,6,6,4,4,2,1,,5,1,1,1,0,24,1,1,1,1,1,0,1,1,1,1,1,1,1,0,42,0,,,,,,,,,18,56676,0,0
"Luxembourg","LU","LUX","442","EUR",2011,10,1,1,1,1,1,1,1,1,1,1,1,1,,1,1,0,1,0,0,1,1,1,1,1,0,0,1,1,1,1,1,1,,0,0,,,,,,,,,,,,
"Madagascar","MG","MDG","450","AFR",2011,10,222,135,126,5,1,1,1,1,1,1,1,1,,,,1,0,0,0,1,1,0,1,0,1,0,1,0,0,0,1,0,0,0,1,,,,,1.68,2011,,,,,,
"Malawi","MW","MWI","454","AFR",2011,10,231,231,231,30,3,3,3,1,1,1,1,0,,8,0,0,1,3,28,1,1,1,1,1,1,0,0,0,1,1,1,1,0,43,0,,,,,,,,,,,73,117
"Malaysia","MY","MYS","458","WPR",2011,10,731,731,688,1,36,5,0,7,0,0,2,0,,0,0,1,0,1,3,1,1,1,1,1,1,1,1,1,0,0,1,1,1,42,0,,,,,,,,,192,197585,,1058
"Maldives","MV","MDV","462","SEA",2011,10,70,0,0,0,1,0,0,0,0,0,0,0,,0,0,0,1,5,1,0,1,0,0,0,0,0,0,1,0,0,1,1,0,42,0,,,,,,,,,,,2,0
"Mali","ML","MLI","466","AFR",2011,10,69,0,0,0,2,0,0,2,0,0,1,0,,0,0,0,0,6,68,1,1,1,1,1,1,1,1,1,0,0,1,1,0,43,0,,,,,,,,,,,140,53
"Malta","MT","MLT","470","EUR",2011,10,1,1,1,,1,0,,0,0,,0,0,,,,0,1,0,1,0,,,,,,,,,,,1,1,,42,0,,,,,,,,,,,,
"Marshall Islands","MH","MHL","584","WPR",2011,10,3,3,3,1,1,,,1,,,1,,,0,,0,1,0,2,0,0,0,0,0,0,0,0,0,0,0,1,1,0,42,0,,,,,,,,,1,0,1,1
"Mauritania","MR","MRT","478","AFR",2011,10,62,45,35,62,1,1,1,1,1,,,,,,,0,0,0,62,1,1,1,1,1,0,0,1,1,0,0,1,1,0,0,0,,,,,,,,,,,,
"Mauritius","MU","MUS","480","AFR",2011,10,,,,,,,,,,,,,,,,0,1,,,1,,,,,,,,,,,1,1,,0,1,,,,,7,2011,,,,,,
"Mexico","MX","MEX","484","AMR",2011,10,718,591,515,0,64,0,0,16,8,8,2,0,,2,0,1,1,0,562,1,1,1,1,1,0,1,1,1,0,1,1,1,0,42,0,,,,,,,,,255,685296,441,28
"Micronesia (Federated States of)","FM","FSM","583","WPR",2011,10,4,4,4,4,0,0,0,0,0,0,0,0,,0,0,0,1,0,4,1,1,1,1,1,1,1,1,1,0,0,1,1,1,42,0,,,,,,,,,0,,,
"Monaco","MC","MCO","492","EUR",2011,,,,,,,,,,,,,,,,,,,,,,,,,,,,,,,,,,,,,,,,,,,,,,,,
"Mongolia","MN","MNG","496","WPR",2011,10,37,37,24,3,2,1,1,1,1,1,1,1,,0,0,1,0,0,2,1,0,0,1,1,1,1,1,1,0,0,1,1,0,42,0,,,,,,,,,46,39608,111,
"Montenegro","ME","MNE","499","EUR",2011,11,1,1,1,0,1,1,1,1,1,1,0,0,,0,0,0,1,0,0,0,1,1,1,1,0,0,0,0,0,0,1,1,0,42,0,,,,,,,,,2,2,64,5
"Montserrat","MS","MSR","500","AMR",2011,11,,,,,,,,,,,,,,,,0,1,,,0,,,,,,,,,,,0,1,,0,0,,,,,,,,,,,,
"Morocco","MA","MAR","504","EMR",2011,10,167,67,13,0,14,,,2,2,2,0,0,,0,0,0,,,,1,1,1,1,1,0,0,1,1,1,0,1,1,0,0,0,,,,,,,,,,,945,45
"Mozambique","MZ","MOZ","508","AFR",2011,10,430,14,11,2,2,,,2,1,1,0,0,,1,0,1,1,0,0,1,1,1,0,0,0,0,0,0,0,1,1,1,0,0,0,,,,,,,,,,,1596,
"Myanmar","MM","MMR","104","SEA",2011,10,415,377,318,2,2,2,2,2,2,2,2,,,2,,0,1,60,355,1,1,1,1,1,1,1,1,1,1,1,1,1,0,0,1,9.9,2011,8.8,11,9.9,2011,8.8,11,,,3861,27977
"Namibia","NA","NAM","516","AFR",2011,10,31,31,31,31,1,1,1,1,1,1,0,0,,0,0,0,1,0,0,1,1,1,1,1,0,0,0,0,0,0,1,1,0,42,0,,,,,,,,,,,,
"Nauru","NR","NRU","520","WPR",2011,10,,,,,,,,,,,,,,,,0,1,,,1,,,,,,,,,,,1,1,,42,0,,,,,,,,,,,,
"Nepal","NP","NPL","524","SEA",2011,10,505,0,0,505,3,0,0,2,0,0,0,0,,0,0,1,,407,98,0,1,1,1,1,0,0,1,1,0,0,1,1,0,43,0,,,,,,,,,0,0,0,0
"Netherlands","NL","NLD","528","EUR",2011,10,42,42,,,37,,,4,,,1,,,2,,1,0,42,0,1,1,1,1,1,1,1,1,1,0,1,0,1,,42,0,,,,,,,,,,,,
"New Caledonia","NC","NCL","540","WPR",2011,10,,,,,,,,,,,,,,,,0,1,,,1,,,,,,,,,,,1,1,,42,0,,,,,,,,,,,,
"New Zealand","NZ","NZL","554","WPR",2011,10,,,,,,,,,,,,,,,,1,0,,,1,,,,,,,,,,,1,1,,42,0,,,,,,,,,,,,
"Nicaragua","NI","NIC","558","AMR",2011,10,193,168,165,0,3,3,3,1,1,1,0,0,,0,0,0,1,17,0,1,1,1,0,0,0,0,1,1,0,0,1,1,0,0,0,,,,,,,,,,26745,,223
"Niger","NE","NER","562","AFR",2011,10,179,57,54,1,1,1,1,1,1,1,0,0,,0,0,1,1,4,175,1,0,0,0,0,0,0,1,1,0,0,1,1,0,43,0,,,,,,,,,,8471,,
"Nigeria","NG","NGA","566","AFR",2011,10,1229,956,927,23,5,4,4,4,4,4,3,3,,8,0,0,1,,,1,1,1,1,1,1,1,0,0,1,1,1,1,0,0,0,,,,,,,,,,,,
"Niue","NU","NIU","570","WPR",2011,10,,,,,,,,,,,,,,,,0,1,,,1,,,,,,,,,,,1,1,,0,0,,,,,,,,,,,,
"Northern Mariana Islands","MP","MNP","580","WPR",2011,10,,,,,,,,,,,,,,,,0,1,,,0,,,,,,,,,,,1,1,,42,0,,,,,,,,,,,,
"Norway","NO","NOR","578","EUR",2011,10,18,18,18,0,10,10,10,3,3,3,4,4,,0,0,1,1,0,0,1,1,1,1,1,1,1,1,1,0,0,1,1,,42,0,,,,,,,,,,,,
"Oman","OM","OMN","512","EMR",2011,11,209,36,32,0,9,0,0,1,0,0,1,0,,0,0,1,0,36,0,1,1,1,1,1,0,0,1,1,0,0,1,1,1,42,0,,,,,,,,,11,32994,0,34
"Pakistan","PK","PAK","586","EMR",2011,10,1187,1107,784,2,12,3,2,10,10,7,2,0,,16,0,1,0,103,1084,1,1,1,1,1,1,0,0,0,1,1,1,1,0,43,,,,,,,,,,,,1307,19810
"Palau","PW","PLW","585","WPR",2011,10,1,1,1,1,1,1,1,1,1,1,1,1,,1,1,0,1,1,0,1,1,1,1,1,1,1,1,1,1,1,1,1,1,42,0,,,,,,,,,0,350,1,0
"Panama","PA","PAN","591","AMR",2011,10,54,54,53,0,6,1,1,1,1,0,1,0,,0,0,0,0,3,0,1,1,1,0,0,0,0,1,1,0,0,1,1,1,43,0,,,,,,,,,15,0,0,6
"Papua New Guinea","PG","PNG","598","WPR",2011,10,130,73,,0,0,0,,0,0,,0,0,,1,0,0,1,,,1,1,0,1,0,0,0,1,,1,0,1,1,0,43,0,,,,,,,,,,13063,,
"Paraguay","PY","PRY","600","AMR",2011,10,115,95,90,0,9,9,8,1,1,0,0,0,,0,0,1,0,3,5,1,0,0,0,1,0,0,1,1,0,0,1,1,0,42,0,,,,,,,,,2,20291,450,18
"Peru","PE","PER","604","AMR",2011,10,1527,,,0,66,,,7,,,1,,,0,,1,0,0,1,1,1,1,1,0,0,0,1,1,0,0,1,1,0,43,0,,,,,,,,,216,,5900,3
"Philippines","PH","PHL","608","WPR",2011,10,1986,1806,1708,0,10,10,10,2,2,2,1,0,,14,0,1,0,,,1,1,1,0,0,1,1,,,1,1,1,1,0,43,0,,,,,,,,,,,9327,14704
"Poland","PL","POL","616","EUR",2011,10,85,85,85,0,85,85,85,47,47,47,11,11,,3,3,1,0,,,1,1,1,1,1,1,1,,,,,1,1,1,42,0,,,,,,,,,,,,
"Portugal","PT","PRT","620","EUR",2011,,,,,,,,,,,,,,,,,,,,,,,,,,,,,,,,,,,,,,,,,,,,,,,,
"Puerto Rico","PR","PRI","630","AMR",2011,10,,,,,,,,,,,,,,,,0,1,,,1,,,,,,,,,,,1,1,,42,0,,,,,,,,,,,,
"Qatar","QA","QAT","634","EMR",2011,10,1,1,1,0,1,1,1,1,1,1,1,1,,1,1,1,1,0,0,1,1,1,1,1,1,1,1,1,1,1,1,1,1,42,1,0.2,2011,0.1,0.4,0,2011,0,0,1,20000,310,530
"Republic of Korea","KR","KOR","410","WPR",2011,10,500,1,1,0,500,1,1,7,1,1,20,1,,2,1,1,,7,0,1,1,1,0,0,1,1,0,0,1,1,1,1,0,42,0,,,,,,,,,269,139809,0,37403
"Republic of Moldova","MD","MDA","498","EUR",2011,10,59,30,28,,4,4,4,4,4,4,3,3,,,,1,,0,0,1,1,1,1,1,1,1,1,1,1,0,1,1,,42,0,,,,,,,,,,,,
"Romania","RO","ROU","642","EUR",2011,10,113,90,90,1,70,38,38,43,43,43,0,0,,0,0,1,0,0,0,1,1,1,1,1,1,1,1,1,0,0,1,1,0,42,0,,,,,,,,,158,279644,,
"Russian Federation","RU","RUS","643","EUR",2011,10,3746,1237,828,,117,117,88,,111,,,,,,,1,0,,,0,1,1,1,1,1,1,1,1,0,1,1,1,1,0,0,,,,,,,,,151,81667,,
"Rwanda","RW","RWA","646","AFR",2011,10,194,194,175,9,2,2,2,1,1,1,1,1,,,,1,,5,0,1,1,1,1,1,1,1,1,1,,,1,1,0,42,0,,,,,,,,,,,,
"Saint Kitts and Nevis","KN","KNA","659","AMR",2011,10,,,,,,,,,,,,,,,,0,0,,,0,,,,,,,,,,,1,1,,0,0,,,,,,,,,,,,
"Saint Lucia","LC","LCA","662","AMR",2011,11,,,,,,,,,,,,,,,,1,1,,,1,,,,,,,,,,,1,1,,42,0,,,,,,,,,,,,
"Saint Vincent and the Grenadines","VC","VCT","670","AMR",2011,10,,,,,,,,,,,,,,,,0,1,,,1,,,,,,,,,,,1,1,,0,0,,,,,,,,,,,,
"Samoa","WS","WSM","882","WPR",2011,11,,,,,,,,,,,,,,,,0,1,,,1,,,,,,,,,,,1,1,,42,0,,,,,,,,,,,,
"San Marino","SM","SMR","674","EUR",2011,,,,,,,,,,,,,,,,,,,,,,,,,,,,,,,,,,,,,,,,,,,,,,,,
"Sao Tome and Principe","ST","STP","678","AFR",2011,10,4,4,4,0,0,0,0,0,0,0,0,0,,0,0,0,0,0,4,1,0,0,1,0,0,0,1,0,0,0,1,1,0,42,0,,,,,,,,,3,911,7,0
"Saudi Arabia","SA","SAU","682","EMR",2011,10,90,90,90,1,12,12,12,12,12,12,2,,,1,,0,0,,50,1,1,1,1,1,1,1,0,0,0,1,1,1,0,42,0,,,,,,,,,,,,
"Senegal","SN","SEN","686","AFR",2011,11,98,70,64,0,3,1,1,1,1,1,0,0,,1,0,1,,2,10,1,0,0,1,1,0,0,1,0,0,1,1,1,0,43,0,,,,,,,,,,8000,866,
"Serbia","RS","SRB","688","EUR",2011,11,31,26,26,0,29,0,0,4,3,2,1,0,,0,0,0,1,1,0,1,1,1,1,1,1,1,0,0,0,0,1,1,0,42,1,0.3,2011,0.29,0.41,0,2011,0,0,16,141959,,
"Seychelles","SC","SYC","690","AFR",2011,10,,,,,,,,,,,,,,,,0,1,,,0,,,,,,,,,,,1,1,,0,0,,,,,,,,,,,,
"Sierra Leone","SL","SLE","694","AFR",2011,10,154,94,88,0,0,0,0,0,0,0,0,0,,0,0,0,0,15,4,1,0,0,0,0,0,0,0,0,0,0,1,1,0,0,0,,,,,,,,,,,,
"Singapore","SG","SGP","702","WPR",2011,0,,,,,,,,,,,,,,,,1,0,,,1,,,,,,,,,,,0,1,,42,0,,,,,,,,,,,,
"Sint Maarten (Dutch part)","SX","SXM","534","AMR",2011,0,,,,,,,,,,,,,,,,0,0,,,0,,,,,,,,,,,0,1,,42,0,,,,,,,,,,,,
"Slovakia","SK","SVK","703","EUR",2011,10,5,4,4,4,5,4,4,2,2,2,0,0,,0,0,1,0,0,1,1,1,1,1,1,0,0,1,1,0,0,1,1,,42,0,,,,,,,,,,,,
"Slovenia","SI","SVN","705","EUR",2011,10,3,3,3,0,3,2,2,1,1,1,1,1,,1,1,1,1,0,3,1,1,1,1,1,1,1,1,1,1,1,1,1,,42,0,,,,,,,,,,,,
"Solomon Islands","SB","SLB","090","WPR",2011,10,9,9,9,0,0,0,0,0,0,0,0,0,,0,0,0,1,2,0,1,1,0,1,0,0,0,1,0,0,0,1,1,0,42,0,,,,,,,,,1,1278,0,30
"Somalia","SO","SOM","706","EMR",2011,10,66,25,23,0,0,0,0,0,0,0,0,0,,0,0,0,0,17,7,0,1,,1,,1,,1,,1,,1,1,0,0,0,,,,,,,,,0,396,22,320
"South Africa","ZA","ZAF","710","AFR",2011,10,244,244,244,,15,15,15,15,15,15,10,,,55,,1,,349,,1,1,1,1,1,1,1,1,1,1,1,1,1,1,42,0,,,,,,,,,,,,
"South Sudan","SS","SSD","728","EMR",2011,10,65,0,0,0,0,0,0,0,0,0,0,0,,0,0,0,1,,,0,0,0,0,0,0,0,0,0,0,0,1,1,0,42,1,14.7,2011,1.8,18.1,,,,,,,,3032
"Spain","ES","ESP","724","EUR",2011,10,,,,,,,,,,,,,,,,1,,,,1,1,1,1,1,,1,,,0,0,1,1,,42,,,,,,,,,,,,,
"Sri Lanka","LK","LKA","144","SEA",2011,10,203,176,176,0,2,2,2,1,1,1,0,0,,0,0,0,1,2,6,1,1,1,0,1,0,0,1,1,0,0,1,1,1,0,1,0.07,2011,0,0.35,,,,,43,111266,3579,553
"Sudan","SD","SDN","729","EMR",2011,10,227,159,114,1,1,1,1,1,1,1,0,0,,0,0,1,,52,41,1,1,1,0,0,0,0,0,0,0,0,1,1,0,42,0,,,,,,,,,,,1790,487
"Suriname","SR","SUR","740","AMR",2011,10,3,3,3,0,1,0,0,0,0,0,0,0,,0,0,0,0,0,2,1,1,1,0,0,0,0,1,1,0,0,1,1,0,0,0,,,,,,,,,2,,118,1
"Swaziland","SZ","SWZ","748","AFR",2011,10,17,17,16,6,1,1,1,1,1,1,1,1,,4,,,1,3,14,1,1,1,1,1,1,1,1,1,1,1,1,1,1,0,0,,,,,,,,,1,7174,9,16
"Sweden","SE","SWE","752","EUR",2011,10,5,5,5,2,5,4,4,5,5,5,5,4,,0,,1,0,0,0,1,1,1,1,1,1,1,,,0,0,1,1,,42,0,,,,,,,,,,,,
"Switzerland","CH","CHE","756","EUR",2011,0,42,42,40,,24,24,24,10,10,7,0,0,,14,0,1,0,15,20,1,1,1,1,1,1,1,1,1,1,1,0,1,,42,0,,,,,,,,,,,,
"Syrian Arab Republic","SY","SYR","760","EMR",2011,10,557,100,,,4,4,,1,1,,1,1,,,,0,0,488,69,1,1,1,0,0,1,1,1,1,0,0,1,1,1,42,0,,,,,,,,,0,0,132,2562
"Tajikistan","TJ","TJK","762","EUR",2011,11,92,92,45,0,3,1,1,1,1,1,2,0,,2,0,0,1,,92,1,1,1,1,1,0,1,1,1,0,1,1,1,0,43,0,,,,,,,,,24,65456,1237,0
"Thailand","TH","THA","764","SEA",2011,10,1100,990,973,6,65,45,45,15,15,15,2,0,,11,0,1,1,216,865,1,1,1,1,1,1,1,1,1,1,1,3,1,0,42,0,,,,,,,,,,,,
"The Former Yugoslav Republic of Macedonia","MK","MKD","807","EUR",2011,11,8,8,8,0,5,5,5,1,1,1,0,0,,0,0,0,1,0,0,1,1,0,0,0,0,0,0,0,0,0,1,1,0,42,0,,,,,,,,,2,27469,0,0
"Timor-Leste","TL","TLS","626","SEA",2011,10,19,19,19,0,0,,,0,,,0,,,0,,0,1,2,17,1,0,0,0,0,0,0,0,0,0,0,1,0,0,0,0,,,,,,,,,,,,
"Togo","TG","TGO","768","AFR",2011,10,115,59,59,1,1,1,1,1,1,1,0,0,,0,0,0,0,21,35,1,1,1,1,1,0,0,1,1,0,0,1,1,0,42,0,,,,,,,,,0,,888,888
"Tokelau","TK","TKL","772","WPR",2011,10,,,,,,,,,,,,,,,,0,0,,,0,,,,,,,,,,,0,0,,0,0,,,,,,,,,,,,
"Tonga","TO","TON","776","WPR",2011,10,,,,,,,,,,,,,,,,0,1,,,1,,,,,,,,,,,1,1,,42,0,,,,,,,,,,,,
"Trinidad and Tobago","TT","TTO","780","AMR",2011,10,,,,,,,,,,,,,,,,0,0,,,1,,,,,,,,,,,1,1,,0,0,,,,,,,,,,,,
"Tunisia","TN","TUN","788","EMR",2011,10,75,75,58,0,11,0,0,5,0,0,0,0,,0,0,1,0,,75,1,1,1,1,1,1,1,1,1,1,1,1,1,1,42,0,,,,,,,,,,,,
"Turkey","TR","TUR","792","EUR",2011,10,389,72,,,156,41,,71,33,,9,,,18,,1,0,0,0,1,1,1,1,1,1,1,1,1,0,1,1,1,1,0,0,,,,,,,,,149,560293,6746,252
"Turkmenistan","TM","TKM","795","EUR",2011,,,,,,,,,,,,,,,,,,,,,,,,,,,,,,,,,,,,,,,,,,,,,,,,
"Turks and Caicos Islands","TC","TCA","796","AMR",2011,11,,,,,,,,,,,,,,,,0,1,,,1,,,,,,,,,,,1,1,,0,0,,,,,,,,,,,,
"Tuvalu","TV","TUV","798","WPR",2011,12,,,,,,,,,,,,,,,,0,,,,1,,,,,,,,,,,1,1,,0,0,,,,,,,,,,,,
"Uganda","UG","UGA","800","AFR",2011,10,1081,957,650,11,7,0,0,8,3,3,8,0,,18,0,1,0,172,909,1,1,1,1,1,1,1,1,1,1,1,1,1,0,0,0,,,,,,,,,,48500,,
"Ukraine","UA","UKR","804","EUR",2011,10,859,,,,82,,,42,28,23,0,0,,0,0,1,,0,0,1,1,1,0,0,0,0,1,1,0,0,1,1,1,0,0,,,,,,,,,525,820213,,
"United Arab Emirates","AE","ARE","784","EMR",2011,10,,,,,,,,,,,,,,,,1,1,,,0,1,,,,,,0,,,,1,1,0,0,0,,,,,,,,,,,,
"United Kingdom of Great Britain and Northern Ireland","GB","GBR","826","EUR",2011,10,193,193,192,,126,126,126,21,21,21,12,,,16,,1,0,,,1,1,1,1,1,1,1,1,1,1,1,1,1,,42,0,,,,,,,,,,,,
"United Republic of Tanzania","TZ","TZA","834","AFR",2011,10,945,13,4,26,5,5,3,1,1,1,1,0,,6,0,1,1,,,1,1,1,1,1,1,1,1,1,0,0,1,1,0,42,0,,,,,,,,,,,,
"United States of America","US","USA","840","AMR",2011,10,,,,,,,,,,,,,,,,1,0,,,1,,,,,,,,,,,1,1,,42,0,,,,,,,,,,,,
"Uruguay","UY","URY","858","AMR",2011,10,1,1,1,1,1,1,1,1,1,1,1,1,,0,0,0,1,0,0,0,1,1,1,1,1,1,1,1,0,1,1,1,0,42,0,,,,,,,,,24,71751,0,0
"US Virgin Islands","VI","VIR","850","AMR",2011,,,,,,,,,,,,,,,,,,,,,,,,,,,,,,,,,,,,,,,,,,,,,,,,
"Uzbekistan","UZ","UZB","860","EUR",2011,10,320,320,296,2,7,5,5,2,2,2,3,2,,0,0,1,0,0,19,1,1,1,1,1,1,1,1,1,0,0,1,1,1,42,0,,,,,,,,,180,381823,395,0
"Vanuatu","VU","VUT","548","WPR",2011,10,11,,,0,0,0,0,0,0,0,0,0,,0,0,0,0,0,0,1,0,0,0,0,0,0,0,0,0,0,1,1,0,0,0,,,,,,,,,1,1100,0,0
"Venezuela (Bolivarian Republic of)","VE","VEN","862","AMR",2011,10,553,222,90,0,22,14,14,1,1,1,0,0,,0,0,1,0,52,0,1,1,1,0,0,0,0,1,1,0,0,1,1,0,42,0,,,,,,,,,80,,287,93
"Viet Nam","VN","VNM","704","WPR",2011,11,800,800,720,2,25,21,20,2,2,2,2,2,,2,2,1,0,,,1,1,1,1,1,1,1,1,1,1,1,1,0,0,0,0,,,,,,,,,,,2658,4320
"Wallis and Futuna Islands","WF","WLF","876","WPR",2011,10,,,,,,,,,,,,,,,,0,0,,,1,,,,,,,,,,,1,1,,42,0,,,,,,,,,,,,
"West Bank and Gaza Strip","PS","PSE","275","EMR",2011,10,63,2,2,0,1,0,0,0,0,0,0,0,,,,0,0,0,58,1,0,0,0,0,0,0,1,1,1,1,1,1,0,0,0,,,,,,,,,1,490,9,0
"Yemen","YE","YEM","887","EMR",2011,11,265,192,,,,,,,,,,,,,,0,0,,,1,,,,,,,,,,,1,1,0,0,,,,,,,,,,0,0,0,2880
"Zambia","ZM","ZMB","894","AFR",2011,10,,,,,,,,,,,,,,,,,,,,,,,,,,,,,,,1,1,0,0,0,,,,,,,,,,,,
"Zimbabwe","ZW","ZWE","716","AFR",2011,10,151,124,120,4,2,2,2,2,2,2,0,0,,11,0,0,0,8,27,1,1,1,1,1,0,0,1,1,1,0,1,1,1,0,0,,,,,,,,,,,,
